{
    "2024-01-10T14:30:43.021249+00:00": {
        "total_amount_eur_actual": 2523097.5124224587,
        "total_amount_eur_spent": 804000.0001,
        "btc": {
            "amount_eur_actual": 2523095.9768322166,
            "qty": 61.0,
            "amount_eur_spent": 704000
        },
        "btc2": {
            "amount_eur_actual": 0.6228858149269418,
            "qty": 1.5,
            "amount_eur_spent": 50000
        },
        "cro": {
            "amount_eur_actual": 0.912704427346498,
            "qty": 11.5,
            "amount_eur_spent": 50000.0001
        }
    }
}