{
    "2024-01-09T22:45:35.080272+00:00": {
        "btc": {
            "amount_eur_actual": 884551.5735155735,
            "qty": 21.0,
            "amount_eur_spent": 700000
        },
        "btc2": {
            "amount_eur_actual": 0.5489099719815633,
            "qty": 1.5,
            "amount_eur_spent": 50000
        },
        "cro": {
            "amount_eur_actual": 0.12132789642275796,
            "qty": 1.5,
            "amount_eur_spent": 50000
        }
    }
}